"utc","processId","rssBytes","peakRssBytes","cpuSeconds"
"2026-09-21T22:07:01.8246566Z","43928","157065216","157065216","3.5"
"2026-09-21T22:07:02.3560835Z","43928","255057920","255057920","6.390625"
"2026-09-21T22:07:02.8645436Z","43928","261140480","261140480","7.015625"
"2026-09-21T22:07:03.3757546Z","43928","271515648","271515648","7.296875"
"2026-09-21T22:07:03.8908182Z","43928","177139712","303951872","7.921875"
"2026-09-21T22:07:04.3999288Z","43928","181166080","303951872","8.71875"
"2026-09-21T22:07:04.9150914Z","43928","236703744","303951872","10.25"
"2026-09-21T22:07:05.4270317Z","43928","238301184","303951872","11.34375"
"2026-09-21T22:07:05.9491997Z","43928","233828352","303951872","12.515625"
"2026-09-21T22:07:06.4630407Z","43928","250789888","303951872","13.640625"
"2026-09-21T22:07:06.9800668Z","43928","263094272","303951872","14.28125"
"2026-09-21T22:07:07.4989828Z","43928","288813056","303951872","14.6875"
"2026-09-21T22:07:08.0085970Z","43928","290193408","303951872","15"
"2026-09-21T22:07:08.5237914Z","43928","322437120","327245824","15.46875"
"2026-09-21T22:07:09.0339399Z","43928","341487616","343334912","16.609375"
"2026-09-21T22:07:09.5552885Z","43928","350715904","350715904","17.484375"
"2026-09-21T22:07:10.0657159Z","43928","354119680","360513536","18.671875"
"2026-09-21T22:07:10.5853938Z","43928","355721216","360513536","19.640625"
"2026-09-21T22:07:11.1057852Z","43928","333434880","360513536","20.75"
"2026-09-21T22:07:11.6279745Z","43928","338321408","360513536","21.546875"
"2026-09-21T22:07:12.1408775Z","43928","336916480","360513536","22.53125"
"2026-09-21T22:07:12.6510474Z","43928","339521536","360513536","22.828125"
"2026-09-21T22:07:13.1722413Z","43928","332611584","360513536","23.328125"
"2026-09-21T22:07:13.6890126Z","43928","340115456","360513536","24"
"2026-09-21T22:07:14.2130573Z","43928","336207872","360513536","24.265625"
"2026-09-21T22:07:14.7317579Z","43928","333914112","360513536","24.5625"
"2026-09-21T22:07:15.2513290Z","43928","338935808","360513536","24.953125"
"2026-09-21T22:07:15.7732502Z","43928","339169280","360513536","25.25"
"2026-09-21T22:07:16.2952200Z","43928","316231680","360513536","25.734375"
"2026-09-21T22:07:16.8081711Z","43928","316510208","360513536","26.25"
"2026-09-21T22:07:17.3235691Z","43928","318410752","360513536","26.734375"
"2026-09-21T22:07:17.8413525Z","43928","326332416","360513536","27.203125"
"2026-09-21T22:07:18.3604884Z","43928","328036352","360513536","27.65625"
"2026-09-21T22:07:18.8756449Z","43928","324526080","360513536","27.9375"
"2026-09-21T22:07:19.3908775Z","43928","327753728","360513536","28.234375"
"2026-09-21T22:07:19.9114147Z","43928","330596352","360513536","28.59375"
"2026-09-21T22:07:20.4237806Z","43928","324870144","360513536","29.015625"
"2026-09-21T22:07:20.9371822Z","43928","304377856","360513536","29.265625"
"2026-09-21T22:07:21.4507866Z","43928","306475008","360513536","29.53125"
"2026-09-21T22:07:21.9659222Z","43928","306708480","360513536","29.75"
"2026-09-21T22:07:22.4834555Z","43928","309170176","360513536","30.140625"
"2026-09-21T22:07:23.0022596Z","43928","318173184","360513536","30.6875"
"2026-09-21T22:07:23.5230432Z","43928","318873600","360513536","31.0625"
"2026-09-21T22:07:24.0392783Z","43928","335200256","360513536","31.53125"
"2026-09-21T22:07:24.5570911Z","43928","325402624","360513536","32.1875"
"2026-09-21T22:07:25.0750968Z","43928","325382144","360513536","32.59375"
"2026-09-21T22:07:25.5968112Z","43928","327061504","360513536","32.9375"
"2026-09-21T22:07:26.1114467Z","43928","305500160","360513536","33.3125"
"2026-09-21T22:07:26.6386581Z","43928","310722560","360513536","33.546875"
"2026-09-21T22:07:27.1540522Z","43928","316317696","360513536","33.890625"
"2026-09-21T22:07:27.6688270Z","43928","316637184","360513536","34.109375"
"2026-09-21T22:07:28.1777837Z","43928","316706816","360513536","34.296875"
"2026-09-21T22:07:28.6876637Z","43928","320540672","360513536","34.578125"
"2026-09-21T22:07:29.2088483Z","43928","320700416","360513536","34.828125"
"2026-09-21T22:07:29.7296944Z","43928","324956160","360513536","35.484375"
"2026-09-21T22:07:30.2506435Z","43928","325468160","360513536","35.84375"
"2026-09-21T22:07:30.7707776Z","43928","330715136","360513536","36.265625"
"2026-09-21T22:07:31.2820558Z","43928","307494912","360513536","36.515625"
"2026-09-21T22:07:31.8028221Z","43928","332120064","360513536","36.921875"
"2026-09-21T22:07:32.3227392Z","43928","329449472","360513536","37.375"
"2026-09-21T22:07:32.8314157Z","43928","329453568","360513536","37.59375"
"2026-09-21T22:07:33.3475673Z","43928","329465856","360513536","37.765625"
"2026-09-21T22:07:33.8698375Z","43928","329895936","360513536","38.140625"
"2026-09-21T22:07:34.3839849Z","43928","330321920","360513536","38.359375"
"2026-09-21T22:07:34.9046361Z","43928","330321920","360513536","38.5625"
"2026-09-21T22:07:35.4198913Z","43928","330395648","360513536","38.78125"
"2026-09-21T22:07:35.9359079Z","43928","330395648","360513536","39.015625"
"2026-09-21T22:07:36.4505355Z","43928","307355648","360513536","39.21875"
"2026-09-21T22:07:36.9656151Z","43928","307703808","360513536","39.453125"
"2026-09-21T22:07:37.4747981Z","43928","321130496","360513536","39.796875"
"2026-09-21T22:07:37.9987532Z","43928","321925120","360513536","40.03125"
"2026-09-21T22:07:38.5209944Z","43928","321994752","360513536","40.265625"
"2026-09-21T22:07:39.0327780Z","43928","322179072","360513536","40.5"
"2026-09-21T22:07:39.5538643Z","43928","322371584","360513536","40.8125"
"2026-09-21T22:07:40.0680465Z","43928","322539520","360513536","41.09375"
"2026-09-21T22:07:40.5782681Z","43928","322576384","360513536","41.28125"
"2026-09-21T22:07:41.0991340Z","43928","327954432","360513536","41.875"
"2026-09-21T22:07:41.6175028Z","43928","324861952","360513536","42.4375"
"2026-09-21T22:07:42.1352740Z","43928","324927488","360513536","42.640625"
"2026-09-21T22:07:42.6510770Z","43928","324956160","360513536","42.859375"
"2026-09-21T22:07:43.1617099Z","43928","324964352","360513536","43.1875"
"2026-09-21T22:07:43.6750824Z","43928","325029888","360513536","43.40625"
"2026-09-21T22:07:44.1898062Z","43928","325099520","360513536","43.671875"
"2026-09-21T22:07:44.7115767Z","43928","325345280","360513536","43.9375"
"2026-09-21T22:07:45.2325077Z","43928","325484544","360513536","44.171875"
"2026-09-21T22:07:45.7505379Z","43928","327888896","360513536","44.53125"
"2026-09-21T22:07:46.2655420Z","43928","324075520","360513536","44.796875"
"2026-09-21T22:07:46.7801601Z","43928","326402048","360513536","45.15625"
"2026-09-21T22:07:47.2967573Z","43928","333266944","360513536","45.53125"
"2026-09-21T22:07:47.8086551Z","43928","334581760","360513536","45.984375"
"2026-09-21T22:07:48.3209087Z","43928","335036416","360513536","46.3125"
"2026-09-21T22:07:48.8385647Z","43928","335011840","360513536","46.515625"
"2026-09-21T22:07:49.3497763Z","43928","334901248","360513536","46.78125"
"2026-09-21T22:07:49.8692060Z","43928","334905344","360513536","47.109375"
"2026-09-21T22:07:50.3858578Z","43928","334909440","360513536","47.40625"
"2026-09-21T22:07:50.9058552Z","43928","334983168","360513536","47.59375"
"2026-09-21T22:07:51.4179884Z","43928","309870592","360513536","47.921875"
"2026-09-21T22:07:51.9292956Z","43928","313249792","360513536","48.171875"
"2026-09-21T22:07:52.4448301Z","43928","316444672","360513536","48.4375"
"2026-09-21T22:07:52.9655064Z","43928","316444672","360513536","48.640625"
"2026-09-21T22:07:53.4868967Z","43928","316444672","360513536","48.90625"
"2026-09-21T22:07:54.0029592Z","43928","316448768","360513536","49.25"
"2026-09-21T22:07:54.5176400Z","43928","317014016","360513536","49.546875"
"2026-09-21T22:07:55.0376575Z","43928","317321216","360513536","49.8125"
"2026-09-21T22:07:55.5539946Z","43928","317841408","360513536","50.09375"
"2026-09-21T22:07:56.0687600Z","43928","317849600","360513536","50.328125"
"2026-09-21T22:07:56.5838384Z","43928","310886400","360513536","50.578125"
"2026-09-21T22:07:57.0985130Z","43928","311738368","360513536","50.875"
"2026-09-21T22:07:57.6139584Z","43928","313384960","360513536","51.265625"
"2026-09-21T22:07:58.1298461Z","43928","315437056","360513536","51.609375"
"2026-09-21T22:07:58.6411991Z","43928","315445248","360513536","51.75"
"2026-09-21T22:07:59.1593554Z","43928","315572224","360513536","51.9375"
"2026-09-21T22:07:59.6810929Z","43928","315645952","360513536","52.234375"
"2026-09-21T22:08:00.2038126Z","43928","315645952","360513536","52.375"
"2026-09-21T22:08:00.7230370Z","43928","315555840","360513536","52.578125"
"2026-09-21T22:08:01.2397833Z","43928","315559936","360513536","52.890625"
"2026-09-21T22:08:01.7605073Z","43928","312516608","360513536","53.078125"
"2026-09-21T22:08:02.2750242Z","43928","318525440","360513536","53.375"
"2026-09-21T22:08:02.7957286Z","43928","319012864","360513536","53.703125"
"2026-09-21T22:08:03.3046896Z","43928","319258624","360513536","53.90625"
"2026-09-21T22:08:03.8115802Z","43928","335241216","360513536","54.3125"
"2026-09-21T22:08:04.3308864Z","43928","335241216","360513536","54.5625"
"2026-09-21T22:08:04.8442465Z","43928","335306752","360513536","54.796875"
"2026-09-21T22:08:05.3693797Z","43928","335306752","360513536","55.046875"
"2026-09-21T22:08:05.8894474Z","43928","335433728","360513536","55.265625"
"2026-09-21T22:08:06.4007895Z","43928","336707584","360513536","55.59375"
"2026-09-21T22:08:06.9096382Z","43928","312254464","360513536","55.796875"
"2026-09-21T22:08:07.4184784Z","43928","312254464","360513536","56.015625"
"2026-09-21T22:08:07.9293858Z","43928","312147968","360513536","56.234375"
"2026-09-21T22:08:08.4531993Z","43928","312147968","360513536","56.421875"
"2026-09-21T22:08:08.9714558Z","43928","312229888","360513536","56.765625"
"2026-09-21T22:08:09.4823428Z","43928","315752448","360513536","57.015625"
"2026-09-21T22:08:09.9927262Z","43928","316030976","360513536","57.25"
"2026-09-21T22:08:10.5050983Z","43928","317370368","360513536","57.578125"
"2026-09-21T22:08:11.0270333Z","43928","330440704","360513536","57.953125"
"2026-09-21T22:08:11.5476743Z","43928","311070720","360513536","58.15625"
"2026-09-21T22:08:12.0689079Z","43928","311918592","360513536","58.328125"
"2026-09-21T22:08:12.5885791Z","43928","314408960","360513536","58.5"
"2026-09-21T22:08:13.0987858Z","43928","315150336","360513536","58.6875"
"2026-09-21T22:08:13.6195366Z","43928","315150336","360513536","58.875"
"2026-09-21T22:08:14.1358830Z","43928","324296704","360513536","59.109375"
"2026-09-21T22:08:14.6518100Z","43928","324550656","360513536","59.390625"
"2026-09-21T22:08:15.1652479Z","43928","324575232","360513536","59.59375"
"2026-09-21T22:08:15.6864093Z","43928","324575232","360513536","59.890625"
"2026-09-21T22:08:16.1995929Z","43928","324583424","360513536","60.171875"
"2026-09-21T22:08:16.7143053Z","43928","324587520","360513536","60.3125"
"2026-09-21T22:08:17.2258065Z","43928","326172672","360513536","60.609375"
"2026-09-21T22:08:17.7484657Z","43928","326361088","360513536","60.78125"
"2026-09-21T22:08:18.2682014Z","43928","326533120","360513536","61.015625"
"2026-09-21T22:08:18.7892842Z","43928","326533120","360513536","61.25"
"2026-09-21T22:08:19.3095169Z","43928","326533120","360513536","61.421875"
"2026-09-21T22:08:19.8256317Z","43928","326889472","360513536","61.703125"
"2026-09-21T22:08:20.3469125Z","43928","332103680","360513536","61.984375"
"2026-09-21T22:08:20.8680112Z","43928","332079104","360513536","62.15625"
"2026-09-21T22:08:21.3832837Z","43928","332083200","360513536","62.328125"
"2026-09-21T22:08:21.9039018Z","43928","340905984","360513536","62.828125"
"2026-09-21T22:08:22.4285359Z","43928","340975616","360513536","63.03125"
"2026-09-21T22:08:22.9446323Z","43928","340975616","360513536","63.3125"
"2026-09-21T22:08:23.4570376Z","43928","341323776","360513536","63.6875"
"2026-09-21T22:08:23.9705189Z","43928","342233088","360513536","63.96875"
"2026-09-21T22:08:24.4861061Z","43928","343621632","360513536","64.203125"
"2026-09-21T22:08:25.0006263Z","43928","343625728","360513536","64.5625"
"2026-09-21T22:08:25.5163752Z","43928","343650304","360513536","64.859375"
"2026-09-21T22:08:26.0331446Z","43928","343715840","360513536","65.09375"
"2026-09-21T22:08:26.5470392Z","43928","343715840","360513536","65.3125"
"2026-09-21T22:08:27.0610206Z","43928","344264704","360513536","65.671875"
"2026-09-21T22:08:27.5714299Z","43928","344805376","360513536","65.953125"
"2026-09-21T22:08:28.0811670Z","43928","344870912","360513536","66.109375"
"2026-09-21T22:08:28.5987797Z","43928","344940544","360513536","66.28125"
"2026-09-21T22:08:29.1177295Z","43928","347611136","360513536","66.796875"
"2026-09-21T22:08:29.6371108Z","43928","348487680","360513536","67.09375"
"2026-09-21T22:08:30.1467024Z","43928","348561408","360513536","67.390625"
"2026-09-21T22:08:30.6667893Z","43928","349057024","360513536","67.578125"
"2026-09-21T22:08:31.1768881Z","43928","349134848","360513536","67.828125"
"2026-09-21T22:08:31.6914554Z","43928","349134848","360513536","68.078125"
"2026-09-21T22:08:32.2011591Z","43928","312676352","360513536","68.28125"
"2026-09-21T22:08:32.7163503Z","43928","312676352","360513536","68.46875"
"2026-09-21T22:08:33.2369844Z","43928","313647104","360513536","68.65625"
"2026-09-21T22:08:33.7526871Z","43928","332632064","360513536","69.140625"
"2026-09-21T22:08:34.2616287Z","43928","284172288","360513536","69.546875"
"2026-09-21T22:08:34.7770853Z","43928","284172288","360513536","69.765625"
"2026-09-21T22:08:35.2924107Z","43928","284086272","360513536","70"
"2026-09-21T22:08:35.8072067Z","43928","285224960","360513536","70.265625"
"2026-09-21T22:08:36.3277483Z","43928","294043648","360513536","70.9375"
"2026-09-21T22:08:36.8369062Z","43928","261107712","360513536","71.171875"
"2026-09-21T22:08:37.3519102Z","43928","292892672","360513536","71.515625"
"2026-09-21T22:08:37.8627035Z","43928","292958208","360513536","71.734375"
"2026-09-21T22:08:38.3762392Z","43928","292958208","360513536","71.953125"
"2026-09-21T22:08:38.8920071Z","43928","292958208","360513536","72.203125"
"2026-09-21T22:08:39.4171682Z","43928","292958208","360513536","72.4375"
"2026-09-21T22:08:39.9352514Z","43928","292982784","360513536","72.71875"
"2026-09-21T22:08:40.4560393Z","43928","292958208","360513536","72.921875"
"2026-09-21T22:08:40.9718576Z","43928","292909056","360513536","73.203125"
"2026-09-21T22:08:41.4923358Z","43928","292917248","360513536","73.4375"
"2026-09-21T22:08:42.0071741Z","43928","292917248","360513536","73.59375"
"2026-09-21T22:08:42.5188976Z","43928","312397824","360513536","73.890625"
"2026-09-21T22:08:43.0310447Z","43928","312926208","360513536","74.1875"
"2026-09-21T22:08:43.5465825Z","43928","312926208","360513536","74.375"
"2026-09-21T22:08:44.0691115Z","43928","312926208","360513536","74.71875"
"2026-09-21T22:08:44.5884594Z","43928","312930304","360513536","74.953125"
"2026-09-21T22:08:45.1048920Z","43928","331083776","360513536","75.734375"
"2026-09-21T22:08:45.6252355Z","43928","331427840","360513536","76.125"
"2026-09-21T22:08:46.1457969Z","43928","331411456","360513536","76.34375"
"2026-09-21T22:08:46.6571154Z","43928","331411456","360513536","76.53125"
"2026-09-21T22:08:47.1719855Z","43928","332337152","360513536","77.53125"
"2026-09-21T22:08:47.6916067Z","43928","332328960","360513536","77.875"
"2026-09-21T22:08:48.2069211Z","43928","332328960","360513536","78.0625"
"2026-09-21T22:08:48.7153446Z","43928","332328960","360513536","78.28125"
"2026-09-21T22:08:49.2240844Z","43928","332673024","360513536","78.734375"
"2026-09-21T22:08:49.7337942Z","43928","332632064","360513536","78.984375"
"2026-09-21T22:08:50.2551333Z","43928","332599296","360513536","79.1875"
"2026-09-21T22:08:50.7633805Z","43928","332599296","360513536","79.421875"
"2026-09-21T22:08:51.2789667Z","43928","332673024","360513536","79.640625"
"2026-09-21T22:08:51.7941032Z","43928","332742656","360513536","79.84375"
"2026-09-21T22:08:52.3063684Z","43928","332771328","360513536","80.03125"
"2026-09-21T22:08:52.8228023Z","43928","332718080","360513536","80.25"
"2026-09-21T22:08:53.3416606Z","43928","332718080","360513536","80.53125"
"2026-09-21T22:08:53.8601180Z","43928","332718080","360513536","80.78125"
"2026-09-21T22:08:54.3769247Z","43928","332718080","360513536","81.109375"
"2026-09-21T22:08:54.8989858Z","43928","332726272","360513536","81.390625"
"2026-09-21T22:08:55.4194142Z","43928","332808192","360513536","81.625"
"2026-09-21T22:08:55.9344908Z","43928","332808192","360513536","81.875"
"2026-09-21T22:08:56.4464474Z","43928","332828672","360513536","82.09375"
"2026-09-21T22:08:56.9642150Z","43928","332828672","360513536","82.34375"
"2026-09-21T22:08:57.4849602Z","43928","332808192","360513536","82.5625"
"2026-09-21T22:08:58.0021168Z","43928","332869632","360513536","82.84375"
"2026-09-21T22:08:58.5260944Z","43928","333115392","360513536","83.078125"
"2026-09-21T22:08:59.0386125Z","43928","333115392","360513536","83.234375"
"2026-09-21T22:08:59.5621588Z","43928","333025280","360513536","83.46875"
"2026-09-21T22:09:00.0737320Z","43928","333127680","360513536","83.734375"
"2026-09-21T22:09:00.5944392Z","43928","333127680","360513536","83.921875"
"2026-09-21T22:09:01.1046582Z","43928","333533184","360513536","84.671875"
"2026-09-21T22:09:01.6181412Z","43928","333438976","360513536","85"
"2026-09-21T22:09:02.1332225Z","43928","333438976","360513536","85.21875"
"2026-09-21T22:09:02.6462553Z","43928","333520896","360513536","85.6875"
"2026-09-21T22:09:03.1580871Z","43928","333987840","360513536","86.171875"
"2026-09-21T22:09:03.6734452Z","43928","333987840","360513536","86.4375"
"2026-09-21T22:09:04.1853834Z","43928","333987840","360513536","86.546875"
"2026-09-21T22:09:04.6974114Z","43928","334106624","360513536","86.84375"
